device_id,timestamp,temperature_c,humidity_pct,pressure_hpa
ATM001,2026-09-01 09:00:00,28.4,67.2,1008.5
ATM001,2026-09-01 10:00:00,29.1,65.8,1008.1
ATM001,2026-09-01 11:00:00,30.2,64.1,1007.8
ATM001,2026-09-01 12:00:00,31.0,62.5,1007.4
ATM002,2026-09-01 09:00:00,27.8,70.1,1009.0
ATM002,2026-09-01 10:00:00,28.6,68.5,1008.7
ATM002,2026-09-01 11:00:00,29.5,66.9,1008.2
ATM002,2026-09-01 12:00:00,30.4,65.2,1007.9
ATM003,2026-09-01 09:00:00,30.0,61.4,1007.9
ATM003,2026-09-01 10:00:00,30.8,60.2,1007.5
ATM003,2026-09-01 11:00:00,31.6,58.8,1007.1
ATM003,2026-09-01 12:00:00,32.3,57.4,1006.8
